{
  "date": "2010-04-24",
  "paths": {
    "date_dir": "resultats-et-rapports/2010/04/2010-04-24",
    "date_html": "resultats-et-rapports/2010/04/2010-04-24/2010-04-24.html"
  },
  "missing": {
    "date_html": false,
    "reunion_dirs": [],
    "reunion_html": [],
    "course_files": [
      "resultats-et-rapports/2010/04/2010-04-24/R1-enghien-soisy/R1C1-prix-office-tourisme-enghien-ex-boulogne.html",
      "resultats-et-rapports/2010/04/2010-04-24/R1-enghien-soisy/R1C2-prix-de-la-ville-de-soisy-ex-hermonville.html",
      "resultats-et-rapports/2010/04/2010-04-24/R1-enghien-soisy/R1C3-prix-de-la-ville-d-enghien-ex-argonne.html",
      "resultats-et-rapports/2010/04/2010-04-24/R1-enghien-soisy/R1C4-prix-de-l-atlantique.html",
      "resultats-et-rapports/2010/04/2010-04-24/R1-enghien-soisy/R1C5-prix-ville-d-eaubonne-ex-pont-de-flandre.html",
      "resultats-et-rapports/2010/04/2010-04-24/R1-enghien-soisy/R1C6-prix-ville-st-gratien-ex-porte-d-auteuil.html",
      "resultats-et-rapports/2010/04/2010-04-24/R1-enghien-soisy/R1C7-prix-profane.html",
      "resultats-et-rapports/2010/04/2010-04-24/R1-enghien-soisy/R1C8-prix-de-lons-le-saunier.html",
      "resultats-et-rapports/2010/04/2010-04-24/R2-saint-malo/R2C2-prix-de-la-ville-de-soisy-ex-hermonville.html",
      "resultats-et-rapports/2010/04/2010-04-24/R2-saint-malo/R2C3-prix-de-la-ville-d-enghien-ex-argonne.html",
      "resultats-et-rapports/2010/04/2010-04-24/R2-saint-malo/R2C4-prix-de-l-atlantique.html",
      "resultats-et-rapports/2010/04/2010-04-24/R2-saint-malo/R2C5-prix-ville-d-eaubonne-ex-pont-de-flandre.html",
      "resultats-et-rapports/2010/04/2010-04-24/R3-marseille-borely/R3C2-prix-de-la-ville-de-soisy-ex-hermonville.html",
      "resultats-et-rapports/2010/04/2010-04-24/R3-marseille-borely/R3C4-prix-de-l-atlantique.html",
      "resultats-et-rapports/2010/04/2010-04-24/R3-marseille-borely/R3C6-prix-ville-st-gratien-ex-porte-d-auteuil.html",
      "resultats-et-rapports/2010/04/2010-04-24/R3-marseille-borely/R3C7-prix-profane.html",
      "resultats-et-rapports/2010/04/2010-04-24/R8-reims/R8C1-prix-office-tourisme-enghien-ex-boulogne.html",
      "resultats-et-rapports/2010/04/2010-04-24/R8-reims/R8C2-prix-de-la-ville-de-soisy-ex-hermonville.html",
      "resultats-et-rapports/2010/04/2010-04-24/R8-reims/R8C3-prix-de-la-ville-d-enghien-ex-argonne.html",
      "resultats-et-rapports/2010/04/2010-04-24/R8-reims/R8C4-prix-de-l-atlantique.html",
      "resultats-et-rapports/2010/04/2010-04-24/R8-reims/R8C5-prix-ville-d-eaubonne-ex-pont-de-flandre.html",
      "resultats-et-rapports/2010/04/2010-04-24/R8-reims/R8C6-prix-ville-st-gratien-ex-porte-d-auteuil.html",
      "resultats-et-rapports/2010/04/2010-04-24/R8-reims/R8C7-prix-profane.html",
      "resultats-et-rapports/2010/04/2010-04-24/R31-zerace/R31C3-prix-de-la-ville-d-enghien-ex-argonne.html",
      "resultats-et-rapports/2010/04/2010-04-24/R31-zerace/R31C4-prix-de-l-atlantique.html",
      "resultats-et-rapports/2010/04/2010-04-24/R31-zerace/R31C5-prix-ville-d-eaubonne-ex-pont-de-flandre.html",
      "resultats-et-rapports/2010/04/2010-04-24/R31-zerace/R31C6-prix-ville-st-gratien-ex-porte-d-auteuil.html",
      "resultats-et-rapports/2010/04/2010-04-24/R31-zerace/R31C7-prix-profane.html",
      "resultats-et-rapports/2010/04/2010-04-24/R31-zerace/R31C8-prix-de-lons-le-saunier.html",
      "resultats-et-rapports/2010/04/2010-04-24/R70-leon-bollee-le-mans/R70C1-prix-office-tourisme-enghien-ex-boulogne.html",
      "resultats-et-rapports/2010/04/2010-04-24/R70-leon-bollee-le-mans/R70C2-prix-de-la-ville-de-soisy-ex-hermonville.html",
      "resultats-et-rapports/2010/04/2010-04-24/R70-leon-bollee-le-mans/R70C3-prix-de-la-ville-d-enghien-ex-argonne.html",
      "resultats-et-rapports/2010/04/2010-04-24/R70-leon-bollee-le-mans/R70C4-prix-de-l-atlantique.html",
      "resultats-et-rapports/2010/04/2010-04-24/R70-leon-bollee-le-mans/R70C5-prix-ville-d-eaubonne-ex-pont-de-flandre.html",
      "resultats-et-rapports/2010/04/2010-04-24/R70-leon-bollee-le-mans/R70C6-prix-ville-st-gratien-ex-porte-d-auteuil.html",
      "resultats-et-rapports/2010/04/2010-04-24/R71-le-moustoir-lorient/R71C3-prix-de-la-ville-d-enghien-ex-argonne.html",
      "resultats-et-rapports/2010/04/2010-04-24/R71-le-moustoir-lorient/R71C5-prix-ville-d-eaubonne-ex-pont-de-flandre.html",
      "resultats-et-rapports/2010/04/2010-04-24/R71-le-moustoir-lorient/R71C7-prix-profane.html",
      "resultats-et-rapports/2010/04/2010-04-24/R71-le-moustoir-lorient/R71C8-prix-de-lons-le-saunier.html",
      "resultats-et-rapports/2010/04/2010-04-24/R73-marcel-picot-nancy/R73C1-prix-office-tourisme-enghien-ex-boulogne.html",
      "resultats-et-rapports/2010/04/2010-04-24/R73-marcel-picot-nancy/R73C2-prix-de-la-ville-de-soisy-ex-hermonville.html",
      "resultats-et-rapports/2010/04/2010-04-24/R73-marcel-picot-nancy/R73C3-prix-de-la-ville-d-enghien-ex-argonne.html",
      "resultats-et-rapports/2010/04/2010-04-24/R73-marcel-picot-nancy/R73C5-prix-ville-d-eaubonne-ex-pont-de-flandre.html",
      "resultats-et-rapports/2010/04/2010-04-24/R73-marcel-picot-nancy/R73C7-prix-profane.html",
      "resultats-et-rapports/2010/04/2010-04-24/R73-marcel-picot-nancy/R73C8-prix-de-lons-le-saunier.html",
      "resultats-et-rapports/2010/04/2010-04-24/R74-stade-municipal-du-ray-nice/R74C1-prix-office-tourisme-enghien-ex-boulogne.html",
      "resultats-et-rapports/2010/04/2010-04-24/R74-stade-municipal-du-ray-nice/R74C2-prix-de-la-ville-de-soisy-ex-hermonville.html",
      "resultats-et-rapports/2010/04/2010-04-24/R74-stade-municipal-du-ray-nice/R74C3-prix-de-la-ville-d-enghien-ex-argonne.html",
      "resultats-et-rapports/2010/04/2010-04-24/R74-stade-municipal-du-ray-nice/R74C4-prix-de-l-atlantique.html",
      "resultats-et-rapports/2010/04/2010-04-24/R74-stade-municipal-du-ray-nice/R74C5-prix-ville-d-eaubonne-ex-pont-de-flandre.html",
      "resultats-et-rapports/2010/04/2010-04-24/R74-stade-municipal-du-ray-nice/R74C6-prix-ville-st-gratien-ex-porte-d-auteuil.html",
      "resultats-et-rapports/2010/04/2010-04-24/R74-stade-municipal-du-ray-nice/R74C7-prix-profane.html",
      "resultats-et-rapports/2010/04/2010-04-24/R74-stade-municipal-du-ray-nice/R74C8-prix-de-lons-le-saunier.html",
      "resultats-et-rapports/2010/04/2010-04-24/R75-auguste-bonal-sochaux/R75C1-prix-office-tourisme-enghien-ex-boulogne.html",
      "resultats-et-rapports/2010/04/2010-04-24/R75-auguste-bonal-sochaux/R75C2-prix-de-la-ville-de-soisy-ex-hermonville.html",
      "resultats-et-rapports/2010/04/2010-04-24/R75-auguste-bonal-sochaux/R75C3-prix-de-la-ville-d-enghien-ex-argonne.html",
      "resultats-et-rapports/2010/04/2010-04-24/R75-auguste-bonal-sochaux/R75C4-prix-de-l-atlantique.html",
      "resultats-et-rapports/2010/04/2010-04-24/R75-auguste-bonal-sochaux/R75C5-prix-ville-d-eaubonne-ex-pont-de-flandre.html",
      "resultats-et-rapports/2010/04/2010-04-24/R75-auguste-bonal-sochaux/R75C6-prix-ville-st-gratien-ex-porte-d-auteuil.html",
      "resultats-et-rapports/2010/04/2010-04-24/R75-auguste-bonal-sochaux/R75C7-prix-profane.html",
      "resultats-et-rapports/2010/04/2010-04-24/R75-auguste-bonal-sochaux/R75C8-prix-de-lons-le-saunier.html",
      "resultats-et-rapports/2010/04/2010-04-24/R76-parc-des-princes-paris/R76C1-prix-office-tourisme-enghien-ex-boulogne.html",
      "resultats-et-rapports/2010/04/2010-04-24/R76-parc-des-princes-paris/R76C2-prix-de-la-ville-de-soisy-ex-hermonville.html",
      "resultats-et-rapports/2010/04/2010-04-24/R76-parc-des-princes-paris/R76C3-prix-de-la-ville-d-enghien-ex-argonne.html",
      "resultats-et-rapports/2010/04/2010-04-24/R76-parc-des-princes-paris/R76C4-prix-de-l-atlantique.html",
      "resultats-et-rapports/2010/04/2010-04-24/R76-parc-des-princes-paris/R76C5-prix-ville-d-eaubonne-ex-pont-de-flandre.html",
      "resultats-et-rapports/2010/04/2010-04-24/R76-parc-des-princes-paris/R76C6-prix-ville-st-gratien-ex-porte-d-auteuil.html",
      "resultats-et-rapports/2010/04/2010-04-24/R76-parc-des-princes-paris/R76C7-prix-profane.html",
      "resultats-et-rapports/2010/04/2010-04-24/R76-parc-des-princes-paris/R76C8-prix-de-lons-le-saunier.html",
      "resultats-et-rapports/2010/04/2010-04-24/R77-stade-ernest-wallon-toulouse/R77C1-prix-office-tourisme-enghien-ex-boulogne.html",
      "resultats-et-rapports/2010/04/2010-04-24/R77-stade-ernest-wallon-toulouse/R77C2-prix-de-la-ville-de-soisy-ex-hermonville.html",
      "resultats-et-rapports/2010/04/2010-04-24/R77-stade-ernest-wallon-toulouse/R77C3-prix-de-la-ville-d-enghien-ex-argonne.html",
      "resultats-et-rapports/2010/04/2010-04-24/R77-stade-ernest-wallon-toulouse/R77C4-prix-de-l-atlantique.html",
      "resultats-et-rapports/2010/04/2010-04-24/R77-stade-ernest-wallon-toulouse/R77C5-prix-ville-d-eaubonne-ex-pont-de-flandre.html",
      "resultats-et-rapports/2010/04/2010-04-24/R77-stade-ernest-wallon-toulouse/R77C6-prix-ville-st-gratien-ex-porte-d-auteuil.html",
      "resultats-et-rapports/2010/04/2010-04-24/R77-stade-ernest-wallon-toulouse/R77C7-prix-profane.html",
      "resultats-et-rapports/2010/04/2010-04-24/R77-stade-ernest-wallon-toulouse/R77C8-prix-de-lons-le-saunier.html",
      "resultats-et-rapports/2010/04/2010-04-24/R78-emirates-stadium-arsenal/R78C1-prix-office-tourisme-enghien-ex-boulogne.html",
      "resultats-et-rapports/2010/04/2010-04-24/R78-emirates-stadium-arsenal/R78C2-prix-de-la-ville-de-soisy-ex-hermonville.html",
      "resultats-et-rapports/2010/04/2010-04-24/R78-emirates-stadium-arsenal/R78C3-prix-de-la-ville-d-enghien-ex-argonne.html",
      "resultats-et-rapports/2010/04/2010-04-24/R78-emirates-stadium-arsenal/R78C4-prix-de-l-atlantique.html",
      "resultats-et-rapports/2010/04/2010-04-24/R78-emirates-stadium-arsenal/R78C5-prix-ville-d-eaubonne-ex-pont-de-flandre.html",
      "resultats-et-rapports/2010/04/2010-04-24/R78-emirates-stadium-arsenal/R78C6-prix-ville-st-gratien-ex-porte-d-auteuil.html",
      "resultats-et-rapports/2010/04/2010-04-24/R78-emirates-stadium-arsenal/R78C7-prix-profane.html",
      "resultats-et-rapports/2010/04/2010-04-24/R78-emirates-stadium-arsenal/R78C8-prix-de-lons-le-saunier.html",
      "resultats-et-rapports/2010/04/2010-04-24/R80-stade-charlety-paris/R80C1-prix-office-tourisme-enghien-ex-boulogne.html",
      "resultats-et-rapports/2010/04/2010-04-24/R80-stade-charlety-paris/R80C2-prix-de-la-ville-de-soisy-ex-hermonville.html",
      "resultats-et-rapports/2010/04/2010-04-24/R80-stade-charlety-paris/R80C3-prix-de-la-ville-d-enghien-ex-argonne.html",
      "resultats-et-rapports/2010/04/2010-04-24/R80-stade-charlety-paris/R80C4-prix-de-l-atlantique.html",
      "resultats-et-rapports/2010/04/2010-04-24/R80-stade-charlety-paris/R80C5-prix-ville-d-eaubonne-ex-pont-de-flandre.html",
      "resultats-et-rapports/2010/04/2010-04-24/R80-stade-charlety-paris/R80C6-prix-ville-st-gratien-ex-porte-d-auteuil.html",
      "resultats-et-rapports/2010/04/2010-04-24/R80-stade-charlety-paris/R80C7-prix-profane.html",
      "resultats-et-rapports/2010/04/2010-04-24/R80-stade-charlety-paris/R80C8-prix-de-lons-le-saunier.html"
    ]
  },
  "extras": {
    "reunion_dirs": [],
    "course_files": []
  },
  "expected": {
    "reunions_fr": [
      "R1-enghien-soisy",
      "R2-saint-malo",
      "R3-marseille-borely",
      "R8-reims",
      "R31-zerace",
      "R70-leon-bollee-le-mans",
      "R71-le-moustoir-lorient",
      "R73-marcel-picot-nancy",
      "R74-stade-municipal-du-ray-nice",
      "R75-auguste-bonal-sochaux",
      "R76-parc-des-princes-paris",
      "R77-stade-ernest-wallon-toulouse",
      "R78-emirates-stadium-arsenal",
      "R80-stade-charlety-paris",
      "R81-old-trafford-manchester",
      "R82-stade-parc-municipal-des-sports-brive"
    ],
    "courses_by_reunion": {
      "R1-enghien-soisy": [
        "R1C1-prix-office-tourisme-enghien-ex-boulogne.html",
        "R1C2-prix-de-la-ville-de-soisy-ex-hermonville.html",
        "R1C3-prix-de-la-ville-d-enghien-ex-argonne.html",
        "R1C4-prix-de-l-atlantique.html",
        "R1C5-prix-ville-d-eaubonne-ex-pont-de-flandre.html",
        "R1C6-prix-ville-st-gratien-ex-porte-d-auteuil.html",
        "R1C7-prix-profane.html",
        "R1C8-prix-de-lons-le-saunier.html"
      ],
      "R2-saint-malo": [
        "R2C1-prix-office-tourisme-enghien-ex-boulogne.html",
        "R2C2-prix-de-la-ville-de-soisy-ex-hermonville.html",
        "R2C3-prix-de-la-ville-d-enghien-ex-argonne.html",
        "R2C4-prix-de-l-atlantique.html",
        "R2C5-prix-ville-d-eaubonne-ex-pont-de-flandre.html",
        "R2C6-prix-ville-st-gratien-ex-porte-d-auteuil.html",
        "R2C7-prix-profane.html",
        "R2C8-prix-de-lons-le-saunier.html"
      ],
      "R3-marseille-borely": [
        "R3C1-prix-office-tourisme-enghien-ex-boulogne.html",
        "R3C2-prix-de-la-ville-de-soisy-ex-hermonville.html",
        "R3C3-prix-de-la-ville-d-enghien-ex-argonne.html",
        "R3C4-prix-de-l-atlantique.html",
        "R3C5-prix-ville-d-eaubonne-ex-pont-de-flandre.html",
        "R3C6-prix-ville-st-gratien-ex-porte-d-auteuil.html",
        "R3C7-prix-profane.html",
        "R3C8-prix-de-lons-le-saunier.html"
      ],
      "R8-reims": [
        "R8C1-prix-office-tourisme-enghien-ex-boulogne.html",
        "R8C2-prix-de-la-ville-de-soisy-ex-hermonville.html",
        "R8C3-prix-de-la-ville-d-enghien-ex-argonne.html",
        "R8C4-prix-de-l-atlantique.html",
        "R8C5-prix-ville-d-eaubonne-ex-pont-de-flandre.html",
        "R8C6-prix-ville-st-gratien-ex-porte-d-auteuil.html",
        "R8C7-prix-profane.html",
        "R8C8-prix-de-lons-le-saunier.html"
      ],
      "R31-zerace": [
        "R31C1-prix-office-tourisme-enghien-ex-boulogne.html",
        "R31C2-prix-de-la-ville-de-soisy-ex-hermonville.html",
        "R31C3-prix-de-la-ville-d-enghien-ex-argonne.html",
        "R31C4-prix-de-l-atlantique.html",
        "R31C5-prix-ville-d-eaubonne-ex-pont-de-flandre.html",
        "R31C6-prix-ville-st-gratien-ex-porte-d-auteuil.html",
        "R31C7-prix-profane.html",
        "R31C8-prix-de-lons-le-saunier.html"
      ],
      "R70-leon-bollee-le-mans": [
        "R70C1-prix-office-tourisme-enghien-ex-boulogne.html",
        "R70C2-prix-de-la-ville-de-soisy-ex-hermonville.html",
        "R70C3-prix-de-la-ville-d-enghien-ex-argonne.html",
        "R70C4-prix-de-l-atlantique.html",
        "R70C5-prix-ville-d-eaubonne-ex-pont-de-flandre.html",
        "R70C6-prix-ville-st-gratien-ex-porte-d-auteuil.html",
        "R70C7-prix-profane.html",
        "R70C8-prix-de-lons-le-saunier.html"
      ],
      "R71-le-moustoir-lorient": [
        "R71C1-prix-office-tourisme-enghien-ex-boulogne.html",
        "R71C2-prix-de-la-ville-de-soisy-ex-hermonville.html",
        "R71C3-prix-de-la-ville-d-enghien-ex-argonne.html",
        "R71C4-prix-de-l-atlantique.html",
        "R71C5-prix-ville-d-eaubonne-ex-pont-de-flandre.html",
        "R71C6-prix-ville-st-gratien-ex-porte-d-auteuil.html",
        "R71C7-prix-profane.html",
        "R71C8-prix-de-lons-le-saunier.html"
      ],
      "R73-marcel-picot-nancy": [
        "R73C1-prix-office-tourisme-enghien-ex-boulogne.html",
        "R73C2-prix-de-la-ville-de-soisy-ex-hermonville.html",
        "R73C3-prix-de-la-ville-d-enghien-ex-argonne.html",
        "R73C4-prix-de-l-atlantique.html",
        "R73C5-prix-ville-d-eaubonne-ex-pont-de-flandre.html",
        "R73C6-prix-ville-st-gratien-ex-porte-d-auteuil.html",
        "R73C7-prix-profane.html",
        "R73C8-prix-de-lons-le-saunier.html"
      ],
      "R74-stade-municipal-du-ray-nice": [
        "R74C1-prix-office-tourisme-enghien-ex-boulogne.html",
        "R74C2-prix-de-la-ville-de-soisy-ex-hermonville.html",
        "R74C3-prix-de-la-ville-d-enghien-ex-argonne.html",
        "R74C4-prix-de-l-atlantique.html",
        "R74C5-prix-ville-d-eaubonne-ex-pont-de-flandre.html",
        "R74C6-prix-ville-st-gratien-ex-porte-d-auteuil.html",
        "R74C7-prix-profane.html",
        "R74C8-prix-de-lons-le-saunier.html"
      ],
      "R75-auguste-bonal-sochaux": [
        "R75C1-prix-office-tourisme-enghien-ex-boulogne.html",
        "R75C2-prix-de-la-ville-de-soisy-ex-hermonville.html",
        "R75C3-prix-de-la-ville-d-enghien-ex-argonne.html",
        "R75C4-prix-de-l-atlantique.html",
        "R75C5-prix-ville-d-eaubonne-ex-pont-de-flandre.html",
        "R75C6-prix-ville-st-gratien-ex-porte-d-auteuil.html",
        "R75C7-prix-profane.html",
        "R75C8-prix-de-lons-le-saunier.html"
      ],
      "R76-parc-des-princes-paris": [
        "R76C1-prix-office-tourisme-enghien-ex-boulogne.html",
        "R76C2-prix-de-la-ville-de-soisy-ex-hermonville.html",
        "R76C3-prix-de-la-ville-d-enghien-ex-argonne.html",
        "R76C4-prix-de-l-atlantique.html",
        "R76C5-prix-ville-d-eaubonne-ex-pont-de-flandre.html",
        "R76C6-prix-ville-st-gratien-ex-porte-d-auteuil.html",
        "R76C7-prix-profane.html",
        "R76C8-prix-de-lons-le-saunier.html"
      ],
      "R77-stade-ernest-wallon-toulouse": [
        "R77C1-prix-office-tourisme-enghien-ex-boulogne.html",
        "R77C2-prix-de-la-ville-de-soisy-ex-hermonville.html",
        "R77C3-prix-de-la-ville-d-enghien-ex-argonne.html",
        "R77C4-prix-de-l-atlantique.html",
        "R77C5-prix-ville-d-eaubonne-ex-pont-de-flandre.html",
        "R77C6-prix-ville-st-gratien-ex-porte-d-auteuil.html",
        "R77C7-prix-profane.html",
        "R77C8-prix-de-lons-le-saunier.html"
      ],
      "R78-emirates-stadium-arsenal": [
        "R78C1-prix-office-tourisme-enghien-ex-boulogne.html",
        "R78C2-prix-de-la-ville-de-soisy-ex-hermonville.html",
        "R78C3-prix-de-la-ville-d-enghien-ex-argonne.html",
        "R78C4-prix-de-l-atlantique.html",
        "R78C5-prix-ville-d-eaubonne-ex-pont-de-flandre.html",
        "R78C6-prix-ville-st-gratien-ex-porte-d-auteuil.html",
        "R78C7-prix-profane.html",
        "R78C8-prix-de-lons-le-saunier.html"
      ],
      "R80-stade-charlety-paris": [
        "R80C1-prix-office-tourisme-enghien-ex-boulogne.html",
        "R80C2-prix-de-la-ville-de-soisy-ex-hermonville.html",
        "R80C3-prix-de-la-ville-d-enghien-ex-argonne.html",
        "R80C4-prix-de-l-atlantique.html",
        "R80C5-prix-ville-d-eaubonne-ex-pont-de-flandre.html",
        "R80C6-prix-ville-st-gratien-ex-porte-d-auteuil.html",
        "R80C7-prix-profane.html",
        "R80C8-prix-de-lons-le-saunier.html"
      ],
      "R81-old-trafford-manchester": [
        "R81C1-prix-office-tourisme-enghien-ex-boulogne.html",
        "R81C2-prix-de-la-ville-de-soisy-ex-hermonville.html",
        "R81C3-prix-de-la-ville-d-enghien-ex-argonne.html",
        "R81C4-prix-de-l-atlantique.html",
        "R81C5-prix-ville-d-eaubonne-ex-pont-de-flandre.html",
        "R81C6-prix-ville-st-gratien-ex-porte-d-auteuil.html",
        "R81C7-prix-profane.html",
        "R81C8-prix-de-lons-le-saunier.html"
      ],
      "R82-stade-parc-municipal-des-sports-brive": [
        "R82C1-prix-office-tourisme-enghien-ex-boulogne.html",
        "R82C2-prix-de-la-ville-de-soisy-ex-hermonville.html",
        "R82C3-prix-de-la-ville-d-enghien-ex-argonne.html",
        "R82C4-prix-de-l-atlantique.html",
        "R82C5-prix-ville-d-eaubonne-ex-pont-de-flandre.html",
        "R82C6-prix-ville-st-gratien-ex-porte-d-auteuil.html",
        "R82C7-prix-profane.html",
        "R82C8-prix-de-lons-le-saunier.html"
      ]
    }
  },
  "checked_at": "2025-11-13T07:37:59.051114Z"
}